{
    "age": 33,
    "region": {
        "x": 234,
        "y": 398,
        "w": 595,
        "h": 595
    },
    "gender": "Man",
    "race": {
        "asian": 15.761201083660126,
        "indian": 2.6288017630577087,
        "black": 0.6090662907809019,
        "white": 42.78746247291565,
        "middle eastern": 13.390883803367615,
        "latino hispanic": 24.82258379459381
    },
    "dominant_race": "white",
    "emotion": {
        "angry": 8.997970819473267,
        "disgust": 0.37052102852612734,
        "fear": 46.76404893398285,
        "happy": 6.528068333864212,
        "sad": 33.85523855686188,
        "surprise": 1.0528367944061756,
        "neutral": 2.4313196539878845
    },
    "dominant_emotion": "fear"
}